{
    "Linear Regression": {
        "MSE": 1351319.3641811316,
        "RMSE": 1162.4626291546458,
        "MAE": 885.0101796485641,
        "R2": 0.9916743948770455,
        "MAPE": 1.6841834747325215
    },
    "Ridge Regression": {
        "MSE": 1351318.245558192,
        "RMSE": 1162.4621480109329,
        "MAE": 884.5566632450995,
        "R2": 0.9916744017689861,
        "MAPE": 1.683217799947911
    },
    "Lasso Regression": {
        "MSE": 1351317.6721730935,
        "RMSE": 1162.4619013856297,
        "MAE": 884.9581683818427,
        "R2": 0.9916744053016654,
        "MAPE": 1.6840721049510003
    },
    "Gradient Boosting": {
        "MSE": 2590986.4060076266,
        "RMSE": 1609.654126204641,
        "MAE": 1223.8820899822172,
        "R2": 0.9840366901658111,
        "MAPE": 2.301624484247745
    },
    "XGBoost": {
        "MSE": 2130572.0053249304,
        "RMSE": 1459.647904573199,
        "MAE": 1032.037467381366,
        "R2": 0.9868733463957237,
        "MAPE": 1.9746284490219177
    },
    "MLP Regressor": {
        "MSE": 1416487.3331094575,
        "RMSE": 1190.1627338769508,
        "MAE": 908.1692404673231,
        "R2": 0.9912728889189842,
        "MAPE": 1.7288548719582342
    }
}