{
    "Linear Regression": {
        "MSE": 1491343.7639081434,
        "RMSE": 1221.2058646715318,
        "MAE": 897.0520105339383,
        "R2": 0.9909180784999766,
        "MAPE": 1.7173826499529883
    },
    "Ridge Regression": {
        "MSE": 1490747.6954782403,
        "RMSE": 1220.9617911622952,
        "MAE": 894.7210025964929,
        "R2": 0.9909217084120198,
        "MAPE": 1.714316850274199
    },
    "Lasso Regression": {
        "MSE": 1491020.9128588885,
        "RMSE": 1221.0736721667897,
        "MAE": 894.5339426243926,
        "R2": 0.9909200445844948,
        "MAPE": 1.7140558062008375
    },
    "Gradient Boosting": {
        "MSE": 1957471.2658384645,
        "RMSE": 1399.0965891740514,
        "MAE": 1038.243333207248,
        "R2": 0.9880794751651965,
        "MAPE": 1.9533580283728365
    },
    "XGBoost": {
        "MSE": 1589910.185862969,
        "RMSE": 1260.9164071670132,
        "MAE": 963.2167579425814,
        "R2": 0.9903178329171701,
        "MAPE": 1.8606049344545024
    },
    "MLP Regressor": {
        "MSE": 1615237.2901851684,
        "RMSE": 1270.9198598594517,
        "MAE": 939.0722328814248,
        "R2": 0.9901635969999766,
        "MAPE": 1.7783392422424442
    }
}