{
    "Linear Regression": {
        "MSE": 2494951.790475774,
        "RMSE": 1579.5416393611706,
        "MAE": 1171.6679846452453,
        "R2": 0.8121530836619479,
        "MAPE": 1.9346795567582706
    },
    "Ridge Regression": {
        "MSE": 2494951.7890820825,
        "RMSE": 1579.5416389200009,
        "MAE": 1171.6679839770788,
        "R2": 0.8121530837668801,
        "MAPE": 1.9346795556694032
    },
    "Lasso Regression": {
        "MSE": 2478161.004939645,
        "RMSE": 1574.217585005213,
        "MAE": 1163.9945803115543,
        "R2": 0.8134172753380741,
        "MAPE": 1.9221446590636155
    },
    "Gradient Boosting": {
        "MSE": 10393387.836083481,
        "RMSE": 3223.8777638247207,
        "MAE": 2639.3713898456685,
        "R2": 0.21747351481232602,
        "MAPE": 4.431531126305039
    },
    "XGBoost": {
        "MSE": 3701215.9922913495,
        "RMSE": 1923.8544623467103,
        "MAE": 1557.9395023198842,
        "R2": 0.7213324868612268,
        "MAPE": 2.537057959123739
    },
    "MLP Regressor": {
        "MSE": 2537851.8598250244,
        "RMSE": 1593.0636709890236,
        "MAE": 1186.0549629254047,
        "R2": 0.8089231031193546,
        "MAPE": 1.9608415574189908
    }
}